date,description,amount,balance
17 Jun 19,ATM WITHDRAWAL SELF-SWITCH AT NFS 04:54:54/916704002072 00000000150000/INR 4585460013957031/361818,"-1,500.00","112,953.65"
18 Jun 19,ATM WITHDRAWAL SELF-SWITCH AT NFS 10:34:49/916910098754 00000000150000/INR 4585460013957031/090814,"-1,500.00","111,453.65"
18 Jun 19,PURCHASE ANANDA VILAS HOTEL VIRUDHUNAGAR IN 13:44:16/369548 00000000096600/INR 4585460013957031/916908040420,-966.00,"110,487.65"
18 Jun 19,CRADJ/UPI/AXB/916616736180/2019-06-,"1,035.49","111,523.14"
19 Jun 19,ATM WITHDRAWAL SELF-SWITCH AT NFS 12:10:47/917012098764 00000000200000/INR 4585460013957031/961248,"-2,000.00","109,523.14"
19 Jun 19,ATM WITHDRAWAL SELF-SWITCH AT CASHNT 15:38:29/917010593592 00000000150000/INR 4585460013957031/192131,"-1,500.00","108,023.14"
21 Jun 19,UPI/917209458811/ PAYTM/PAYTM@ICICI/ICIC0000555/ 0103SL00IPAY/OID20190621050469855386@ONE9 7COMMUNIC 917209458811/,-10.17,"108,012.97"
21 Jun 19,UPI/917221648564/ LE TRAVENUES TECHNOLOGY PRIVATE LTD/IXIGO@AXISBANK 1000129101465/LE TRAVENUES TECHNOLOGY PRIVATE LIMI 917221648564/,"-1,235.49","106,777.48"
24 Jun 19,ATM WITHDRAWAL SELF-SWITCH AT NFS 22:31:27/917322019314 00000000100000/INR 4585460013957031/293386,"-1,000.00","105,777.48"
